PassengerId,Survived,Pclass,Name,Sex,Age,SibSp,Parch,Ticket,Fare,Cabin,Embarked
1934,1,3,"Goldsmith, Mr. Nathan",male,32,0,0,SOTON/O.Q. 3101263,7.85,,S
1935,1,2,"Corbett, Mrs. Walter H (Irene Colvin)",male,30,0,0,237249,13,,S
1936,1,1,"Kimball, Mrs. Edwin Nelson Jr (Gertrude Parsons)",male,45,1,0,11753,52.5542,D19,S
1937,1,3,"Peltomaki, Mr. Nikolai Johannes",male,25,0,0,STON/O 2. 3101291,7.925,,S
1938,1,1,"Chevre, Mr. Paul Romaine",male,45,0,0,PC 17594,29.7,A9,C
1939,1,3,"Shaughnessy, Mr. Patrick",male,,0,0,370374,7.75,,Q
